year,team,skip,rank,round,champion_share,champion,playoff_rank_1,playoff_rank_2,playoff_rank_3,playoff_rank_4,total_games,games_won,games_lost,points_for,points_against,ends_won,ends_lost,blank_ends,stolen_ends,shot_percentage,last_stone_draw_cm,percentage_games_won,percentage_games_lost,ave_points_for,ave_points_against,ave_ends_won,ave_ends_lost,ave_blank_ends,ave_stolen_ends
2025,Canada (Homan),Rachel Homan,1,0,0,0,0,0,0,0,8,8,0,72,40,40,29,2,9,0.86,356.4,1,0,9.285714286,5.142857143,5,3.714285714,0.142857143,1
2025,Alberta (Skrlik),Kayla Skrlik,3,0,0,0,0,0,0,0,8,6,2,58,50,33,33,4,9,0.8,513.8,0.714285714,0.285714286,7.285714286,6.571428571,4,4.428571429,0.428571429,1
2025,British Columbia (Brown),Corryn Brown,9,0,0,0,0,0,0,0,8,6,2,68,39,45,26,2,22,0.85,421.7,0.714285714,0.285714286,8.428571429,5.285714286,5.571428571,3.428571429,0.285714286,2.571428571
2025,Alberta (Sturmay),Selena Sturmay,12,0,0,0,0,0,0,0,8,4,4,61,56,37,32,2,9,0.81,428.8,0.571428571,0.428571429,8.142857143,6.857142857,4.857142857,3.857142857,0.285714286,1.285714286
2025,Saskatchewan (Martin),Nancy Martin,22,0,0,0,0,0,0,0,8,5,3,58,55,36,35,4,6,0.77,452.7,0.625,0.375,7.25,6.875,4.5,4.375,0.5,0.75
2025,New Brunswich (Adams),Melissa Adams,53,0,0,0,0,0,0,0,8,2,6,43,60,29,39,4,2,0.76,779.5,0.285714286,0.714285714,5.714285714,7.285714286,3.857142857,4.857142857,0.571428571,0.285714286
2025,Nunavut (Weagle),Julia Weagle,136,0,0,0,0,0,0,0,8,0,8,31,65,24,39,4,4,0.73,1244.5,0,1,3.857142857,8.285714286,3.142857143,4.857142857,0.428571429,0.571428571
2025,Prince Edward Island (DiCarlo),Jane DiCarlo,87,0,0,0,0,0,0,0,8,1,7,37,75,30,41,1,8,0.72,778.9,0.142857143,0.857142857,5,9.428571429,4,5,0.142857143,1
2025,Northern Ontario (McCarville),Krista McCarville,17,0,0,0,0,0,0,0,8,4,4,64,52,32,32,3,11,0.79,603.7,0.428571429,0.571428571,7.857142857,7,3.857142857,4.285714286,0.285714286,1.142857143
2025,Manitoba (Einarson),Kerri Einarson,2,0,0,0,0,0,0,0,8,6,2,64,51,37,38,3,8,0.85,486.5,0.666666667,0.333333333,7.833333333,6.5,4.5,4.833333333,0.333333333,1.166666667
2025,Nova Scotia (Black),Christina Black,4,0,0,0,0,0,0,0,8,6,2,65,55,41,34,2,13,0.84,452.6,0.666666667,0.333333333,8.333333333,7.166666667,5,4.333333333,0.333333333,1.5
2025,Manitoba (Cameron),Kate Cameron,6,0,0,0,0,0,0,0,8,4,4,68,57,37,30,5,13,0.8,485.1,0.5,0.5,8.833333333,7.333333333,4.5,3.5,0.833333333,1.666666667
2025,Ontario (Inglis),Danielle Inglis,11,0,0,0,0,0,0,0,8,6,2,61,47,40,30,2,15,0.8,774.9,0.833333333,0.166666667,7.666666667,6,5.166666667,3.666666667,0.166666667,2
2025,Quebec  (St-Georges),Laurie St-Georges,19,0,0,0,0,0,0,0,8,5,3,64,46,36,28,2,12,0.82,386.8,0.714285714,0.285714286,8.285714286,5.571428571,4.714285714,3.142857143,0.428571429,2
2025,Yukon (Scoffin),Bayly Scoffin,NR,0,0,0,0,0,0,0,8,1,7,44,80,28,42,0,5,0.72,1213.4,0.166666667,0.833333333,5.5,10,3.333333333,5.5,0,0.5
2025,Manitoba (Lawes),Kaitlyn Lawes,5,0,0,0,0,0,0,0,8,4,4,64,46,33,35,3,8,0.83,241.8,0.571428571,0.428571429,8.285714286,5.285714286,4.142857143,4.285714286,0.428571429,1.142857143
2025,Northwest Territories (Galusha),Kerry Galusha,72,0,0,0,0,0,0,0,8,3,5,55,69,33,34,2,10,0.75,692.2,0.333333333,0.666666667,7.333333333,8.833333333,4.166666667,4.333333333,0,1.333333333
2025,Newfoundland and Labrador (Godsland),Brooke Godsland,85,0,0,0,0,0,0,0,8,1,7,44,78,27,41,3,4,0.74,1148.8,0,1,4.333333333,10.66666667,3.166666667,5.333333333,0,0.333333333
2024,Alberta (Sturmay),Selena Sturmay,5,quarter,0.25,0,0,0,1,0,8,7,1,64,43,37,32,4,8,0.83,350.7,0.875,0.125,8,5.375,4.625,4,0.5,1
2024,Canada (Einarson),Kerri Einarson,3,0,0,0,0,0,0,0,8,7,1,69,41,40,29,1,13,0.86,583.8,0.875,0.125,8.625,5.125,5,3.625,0.125,1.625
2024,Manitoba  (Lawes),Kaitlyn Lawes,4,0,0,0,0,0,0,0,8,4,4,53,46,30,35,9,3,0.83,231.6,0.5,0.5,6.625,5.75,3.75,4.375,1.125,0.375
2024,Northern Ontario (McCarville),Krista McCarville,23,0,0,0,0,0,0,0,8,4,4,55,46,37,31,4,12,0.81,370.3,0.5,0.5,6.875,5.75,4.625,3.875,0.5,1.5
2024,British Columbia (Brown),Corryn Brown,8,0,0,0,0,0,0,0,8,4,4,65,50,38,32,0,11,0.82,446.9,0.5,0.5,8.125,6.25,4.75,4,0,1.375
2024,Saskatchewan (Ackerman),Skylar Ackerman,12,0,0,0,0,0,0,0,8,4,4,51,64,35,34,1,9,0.75,575.5,0.5,0.5,6.375,8,4.375,4.25,0.125,1.125
2024,Quebec  (St-Georges),Laurie St-Georges,24,0,0,0,0,0,0,0,8,4,4,43,51,31,36,4,4,0.78,578.3,0.5,0.5,5.375,6.375,3.875,4.5,0.5,0.5
2024,Newfoundland and Labrador (Curtis),Stacie Curtis,90,0,0,0,0,0,0,0,8,2,6,46,70,29,42,0,5,0.76,847.4,0.25,0.75,5.75,8.75,3.625,5.25,0,0.625
2024,Prince Edward Island (DiCarlo),Jane DiCarlo,78,0,0,0,0,0,0,0,8,0,8,43,77,30,36,4,2,0.75,1008.1,0,1,5.375,9.625,3.75,4.5,0.5,0.25
2024,Ontario (Homan),Rachel Homan,1,champion,1,1,1,0,0,0,8,8,0,71,31,40,24,4,14,0.89,632.9,1,0,8.875,3.875,5,3,0.5,1.75
2024,Manitoba (Jones),Jennifer Jones,2,final,0.75,0,0,1,0,0,8,6,2,68,38,34,30,1,10,0.82,306.2,0.75,0.25,8.5,4.75,4.25,3.75,0.125,1.25
2024,Manitoba (Cameron),Kate Cameron,7,semi,0.5,0,0,0,0,1,8,5,3,52,52,34,29,5,8,0.81,484.7,0.625,0.375,6.5,6.5,4.25,3.625,0.625,1
2024,British Columbia (Grandy),Clancy Grandy,16,0,0,0,0,0,0,0,8,5,3,59,48,33,29,4,10,0.81,282.8,0.625,0.375,7.375,6,4.125,3.625,0.5,1.25
2024,Northwest Territories (Galusha),Kerry Galusha,19,0,0,0,0,0,0,0,8,3,5,55,58,32,36,4,7,0.8,276.5,0.375,0.625,6.875,7.25,4,4.5,0.5,0.875
2024,Nova Scotia (Smith),Heather Smith,36,0,0,0,0,0,0,0,8,3,5,52,55,33,32,7,7,0.79,516.9,0.375,0.625,6.5,6.875,4.125,4,0.875,0.875
2024,Ontario (Inglis) (Inglis),Danielle Inglis,6,0,0,0,0,0,0,0,8,3,5,60,58,33,33,5,10,0.79,568.2,0.375,0.625,7.5,7.25,4.125,4.125,0.625,1.25
2024,New Brunswich (Adams),Melissa Adams,46,0,0,0,0,0,0,0,8,2,6,42,73,25,44,1,5,0.71,562,0.25,0.75,5.25,9.125,3.125,5.5,0.125,0.625
2024,Yukon (Scoffin),Bayly Scoffin,NR,0,0,0,0,0,0,0,8,1,7,36,82,28,35,3,5,0.73,1035.7,0.125,0.875,4.5,10.25,3.5,4.375,0.375,0.625
2023,Canada (Einarson),Kerri Einarson,1,champion,1,1,0,0,1,0,8,8,0,78,41,38,30,2,10,0.86,393.9,1,0,9.75,5.125,4.75,3.75,0.25,1.25
2023,Nova Scotia (Black),Christina Black,9,quarter,0.25,0,0,0,0,1,8,5,3,59,46,36,29,5,11,0.78,362.4,0.625,0.375,7.375,5.75,4.5,3.625,0.625,1.375
2023,Quebec  (St-Georges),Laurie St-Georges,82,0,0,0,0,0,0,0,8,5,3,66,57,33,31,6,7,0.79,732.1,0.625,0.375,8.25,7.125,4.125,3.875,0.75,0.875
2023,British Columbia (Grandy),Clancy Grandy,5,0,0,0,0,0,0,0,8,5,3,60,53,36,31,2,11,0.8,320.5,0.625,0.375,7.5,6.625,4.5,3.875,0.25,1.375
2023,Manitoba (Lawes),Kaitlyn Lawes,4,0,0,0,0,0,0,0,8,5,3,63,49,37,29,8,11,0.82,323.6,0.625,0.375,7.875,6.125,4.625,3.625,1,1.375
2023,Alberta (Skrlik),Kayla Skrlik,10,0,0,0,0,0,0,0,8,4,4,66,55,32,34,4,7,0.82,649.2,0.5,0.5,8.25,6.875,4,4.25,0.5,0.875
2023,Prince Edward Island (Christianson),Marie Christianson,26,0,0,0,0,0,0,0,8,2,6,46,65,33,33,3,8,0.74,651.2,0.25,0.75,5.75,8.125,4.125,4.125,0.375,1
2023,Saskatchewan (Silvernagle),Robyn Silvernagle,49,0,0,0,0,0,0,0,8,2,6,54,70,27,38,3,3,0.79,764.7,0.25,0.75,6.75,8.75,3.375,4.75,0.375,0.375
2023,Nunavut (MacPhail),Brigitte MacPhail,117,0,0,0,0,0,0,0,8,0,8,31,87,21,38,4,2,0.68,1232.6,0,1,3.875,10.875,2.625,4.75,0.5,0.25
2023,Northern Ontario (McCarville),Krista McCarville,61,semi,0.5,0,1,0,0,0,8,7,1,64,46,40,21,3,13,0.82,453.9,0.875,0.125,8,5.75,5,2.625,0.375,1.625
2023,Manitoba (Jones),Jennifer Jones,3,final,0.75,0,0,1,0,0,8,7,1,68,48,42,28,3,15,0.82,278.6,0.875,0.125,8.5,6,5.25,3.5,0.375,1.875
2023,Ontario (Fleury),Tracy Fleury,2,0,0,0,0,0,0,0,8,6,2,63,43,31,31,8,5,0.84,308.6,0.75,0.25,7.875,5.375,3.875,3.875,1,0.625
2023,Northwest Territories (Galusha),Kerry Galusha,19,0,0,0,0,0,0,0,8,4,4,61,52,39,31,1,13,0.8,704.3,0.5,0.5,7.625,6.5,4.875,3.875,0.125,1.625
2023,Manitoba (Walter),Meghan Walter,7,0,0,0,0,0,0,0,8,3,5,52,57,33,34,5,8,0.76,447,0.375,0.625,6.5,7.125,4.125,4.25,0.625,1
2023,Alberta (Scheidegger),Casey Scheidegger,6,0,0,0,0,0,0,0,8,3,5,50,56,33,36,4,8,0.8,469.4,0.375,0.625,6.25,7,4.125,4.5,0.5,1
2023,New Brunswich (Kelly),Andrea Kelly,14,0,0,0,0,0,0,0,8,3,5,52,51,35,36,1,9,0.81,668.7,0.375,0.625,6.5,6.375,4.375,4.5,0.125,1.125
2023,Newfoundland and Labrador (Curtis),Stacie Curtis,60,0,0,0,0,0,0,0,8,2,6,55,74,32,39,0,8,0.78,661.1,0.25,0.75,6.875,9.25,4,4.875,0,1
2023,Yukon (Birnie),Hailey Birnie,NR,0,0,0,0,0,0,0,8,1,7,40,79,25,43,0,2,0.71,690,0.125,0.875,5,9.875,3.125,5.375,0,0.25
2022,Manitoba (Fleury),Tracy Fleury,1,quarter,0.25,0,0,0,0,1,8,7,1,67,38,39,25,6,15,0.8,n/a,0.875,0.125,8.375,4.75,4.875,3.125,0.75,1.875
2022,New Brunswick (Crawford),Andrea Crawford,22,semi,0.5,0,1,0,0,0,8,6,2,55,45,36,32,6,8,0.78,n/a,0.75,0.25,6.875,5.625,4.5,4,0.75,1
2022,Northern Ontario (McCarville),Krista McCarville,12,final,0.75,0,0,0,1,0,8,5,3,52,47,36,32,2,12,0.78,n/a,0.625,0.375,6.5,5.875,4.5,4,0.25,1.5
2022,Saskatchewan (Barker),Penny Barker,11,,0,0,0,0,0,0,8,4,4,51,54,34,32,5,14,0.72,n/a,0.5,0.5,6.375,6.75,4.25,4,0.625,1.75
2022,Prince Edward Island (Birt),Suzanne Birt,27,,0,0,0,0,0,0,8,4,4,56,54,35,36,1,10,0.76,n/a,0.5,0.5,7,6.75,4.375,4.5,0.125,1.25
2022,Saskatchewan (Carey),Chelsea Carey,5,,0,0,0,0,0,0,8,4,4,53,53,33,35,6,8,0.76,n/a,0.5,0.5,6.625,6.625,4.125,4.375,0.75,1
2022,Ontario (Miskew),Emma Miskew,NR,,0,0,0,0,0,0,8,4,4,67,47,35,30,4,12,0.79,n/a,0.5,0.5,8.375,5.875,4.375,3.75,0.5,1.5
2022,Newfoundland and Labrador (Hill),Sarah Hill,78,,0,0,0,0,0,0,8,2,6,48,57,29,39,4,7,0.74,n/a,0.25,0.75,6,7.125,3.625,4.875,0.5,0.875
2022,Nunavut (MacPhail),Brigitte MacPhail,96,,0,0,0,0,0,0,8,0,8,28,82,24,40,2,7,0.64,n/a,0,1,3.5,10.25,3,5,0.25,0.875
2022,Canada (Einarson),Kerri Einarson,4,champion,1,1,0,1,0,0,8,8,0,70,39,32,27,8,9,0.86,n/a,1,0,8.75,4.875,4,3.375,1,1.125
2022,Nova Scotia (Black),Christina Black,17,,0,0,0,0,0,0,8,5,3,56,47,35,36,3,9,0.77,n/a,0.625,0.375,7,5.875,4.375,4.5,0.375,1.125
2022,Northwest Territories (Galusha),Kerry Galusha,13,,0,0,0,0,0,0,8,5,3,59,51,36,35,1,11,0.77,n/a,0.625,0.375,7.375,6.375,4.5,4.375,0.125,1.375
2022,Manitoba (Zacharias),Mackenzie Zacharias,7,,0,0,0,0,0,0,8,5,3,59,50,36,33,7,9,0.79,n/a,0.625,0.375,7.375,6.25,4.5,4.125,0.875,1.125
2022,Ontario (Duncan),Hollie Duncan,8,,0,0,0,0,0,0,8,4,4,61,58,39,36,1,11,0.76,n/a,0.5,0.5,7.625,7.25,4.875,4.5,0.125,1.375
2022,Alberta (Walker),Laura Walker,3,,0,0,0,0,0,0,8,3,5,58,62,34,38,2,5,0.76,n/a,0.375,0.625,7.25,7.75,4.25,4.75,0.25,0.625
2022,Quebec  (St-Georges),Laurie St-Georges,76,,0,0,0,0,0,0,8,3,5,50,59,36,35,3,11,0.73,n/a,0.375,0.625,6.25,7.375,4.5,4.375,0.375,1.375
2022,British Columbia (Arsenault),Mary-Anne Arsenault,58,,0,0,0,0,0,0,8,3,5,57,62,33,34,3,9,0.76,n/a,0.375,0.625,7.125,7.75,4.125,4.25,0.375,1.125
2022,Yukon (Birnie),Hailey Birnie,107,,0,0,0,0,0,0,8,0,8,40,82,29,36,1,6,0.65,n/a,0,1,5,10.25,3.625,4.5,0.125,0.75
2021,Ontario (Homan),Rachel Homan,4,final,0.75,0,1,0,0,0,8,7,1,61,35,39,28,1,11,0.8,n/a,0.875,0.125,7.625,4.375,4.875,3.5,0.125,1.375
2021,Canada (Einarson),Kerri Einarson,1,champion,1,1,0,1,0,0,8,7,1,64,35,36,30,3,11,0.8,n/a,0.875,0.125,8,4.375,4.5,3.75,0.375,1.375
2021,Manitoba (Peterson),Beth Peterson,12,0,0,0,0,0,0,0,8,5,3,52,46,33,33,2,9,0.74,n/a,0.625,0.375,6.5,5.75,4.125,4.125,0.25,1.125
2021,Alberta (Walker),Laura Walker,7,semi,0.5,0,0,0,1,0,8,5,3,60,36,35,29,5,12,0.77,n/a,0.625,0.375,7.5,4.5,4.375,3.625,0.625,1.5
2021,Northwest Territories (Galusha),Kerry Galusha,31,0,0,0,0,0,0,0,8,4,4,54,50,33,34,5,8,0.73,n/a,0.5,0.5,6.75,6.25,4.125,4.25,0.625,1
2021,Manitoba (Zacharias),Mackenzie Zacharias,11,0,0,0,0,0,0,0,8,3,5,53,45,35,33,3,9,0.74,n/a,0.375,0.625,6.625,5.625,4.375,4.125,0.375,1.125
2021,Nova Scotia (Brothers),Jill Brothers,33,0,0,0,0,0,0,0,8,3,5,50,53,32,34,3,8,0.71,n/a,0.375,0.625,6.25,6.625,4,4.25,0.375,1
2021,Northern Ontarion (Burns),Krysta Burns,112,0,0,0,0,0,0,0,8,2,6,37,74,27,40,2,5,0.64,n/a,0.25,0.75,4.625,9.25,3.375,5,0.25,0.625
2021,Yukon (Eby),Laura Eby,NR,0,0,0,0,0,0,0,8,0,8,29,86,26,35,4,6,0.58,n/a,0,1,3.625,10.75,3.25,4.375,0.5,0.75
2021,Saskatchewan (Anderson),Sherry Anderson,14,0,0,0,0,0,0,0,8,6,2,60,44,36,32,5,10,0.76,n/a,0.75,0.25,7.5,5.5,4.5,4,0.625,1.25
2021,Manitoba (Jones),Jennifer Jones,3,quarter,0.25,0,0,0,0,0,8,6,2,64,39,37,30,3,12,0.83,n/a,0.75,0.25,8,4.875,4.625,3.75,0.375,1.5
2021,Quebec  (St-Georges),Laurie St-Georges,28,0,0,0,0,0,0,0,8,6,2,60,50,33,31,6,7,0.74,n/a,0.75,0.25,7.5,6.25,4.125,3.875,0.75,0.875
2021,Manitoba (Carey),Chelsea Carey,2,0,0,0,0,0,0,0,8,5,3,64,38,37,27,6,12,0.81,n/a,0.625,0.375,8,4.75,4.625,3.375,0.75,1.5
2021,British Columbia (Brown),Corryn Brown,8,0,0,0,0,0,0,0,8,4,4,59,53,38,31,1,14,0.78,n/a,0.5,0.5,7.375,6.625,4.75,3.875,0.125,1.75
2021,Prince Edward Island (Birt),Suzanne Birt,9,0,0,0,0,0,0,0,8,4,4,63,62,32,33,5,8,0.76,n/a,0.5,0.5,7.875,7.75,4,4.125,0.625,1
2021,New Brunswick (Adams),Melissa Adams,50,0,0,0,0,0,0,0,8,3,5,48,69,33,35,3,11,0.68,n/a,0.375,0.625,6,8.625,4.125,4.375,0.375,1.375
2021,Newfoundland and Labrador (Hill),Sarah Hill,NR,0,0,0,0,0,0,0,8,2,6,40,67,27,40,0,6,0.68,n/a,0.25,0.75,5,8.375,3.375,5,0,0.75
2021,Nunavut (Eddy),Lori Eddy,100,0,0,0,0,0,0,0,8,0,8,35,71,24,38,3,4,0.66,n/a,0,1,4.375,8.875,3,4.75,0.375,0.5
2020,Manitoba (Einarson),Kerri Einarson,2,champion,1,1,1,0,0,0,7,6,1,54,44,31,30,2,8,0.83,n/a,0.857142857,0.142857143,7.714285714,6.285714286,4.428571429,4.285714286,0.285714286,1.142857143
2020,Northern Ontario (McCarville),Krista McCarville,27,quarter,0.25,0,0,0,0,1,7,5,2,46,33,31,25,8,12,0.8,n/a,0.714285714,0.285714286,6.571428571,4.714285714,4.428571429,3.571428571,1.142857143,1.714285714
2020,Canada (Carey),Chelsea Carey,5,0,0,0,0,0,0,0,7,4,3,44,44,36,28,2,9,0.82,n/a,0.571428571,0.428571429,6.285714286,6.285714286,5.142857143,4,0.285714286,1.285714286
2020,Saskatchewan (Silvernagle),Robyn Silvernagle,12,0,0,0,0,0,0,0,7,4,3,44,43,26,29,8,7,0.81,n/a,0.571428571,0.428571429,6.285714286,6.142857143,3.714285714,4.142857143,1.142857143,1
2020,New Brunswick (Crawford),Andrea Crawford,45,0,0,0,0,0,0,0,7,4,3,46,43,26,29,8,7,0.79,n/a,0.571428571,0.428571429,6.571428571,6.142857143,3.714285714,4.142857143,1.142857143,1
2020,Alberta (Walker),Laura Walker,7,0,0,0,0,0,0,0,7,3,4,42,35,30,26,2,7,0.82,n/a,0.428571429,0.571428571,6,5,4.285714286,3.714285714,0.285714286,1
2020,Nunavut (Eddy),Lori Eddy,133,0,0,0,0,0,0,0,7,2,5,35,47,26,30,7,7,0.67,n/a,0.285714286,0.714285714,5,6.714285714,3.714285714,4.285714286,1,1
2020,Quebec (Verreault),Noemie Verreault,31,0,0,0,0,0,0,0,7,0,7,36,58,21,37,1,1,0.71,n/a,0,1,5.142857143,8.285714286,3,5.285714286,0.142857143,0.142857143
2020,Ontario (Homan),Rachel Homan,4,finals,0.75,0,0,0,1,0,7,6,1,64,42,33,28,3,7,0.83,n/a,0.857142857,0.142857143,9.142857143,6,4.714285714,4,0.428571429,1
2020,Manitoba (Jones),Jennifer Jones,3,semi,0.5,0,0,1,0,0,7,6,1,63,42,35,28,2,9,0.79,n/a,0.857142857,0.142857143,9,6,5,4,0.285714286,1.285714286
2020,Prince Edward Island (Birt),Suzanne Birt,9,0,0,0,0,0,0,0,7,5,2,57,42,35,29,2,10,0.8,n/a,0.714285714,0.285714286,8.142857143,6,5,4.142857143,0.285714286,1.428571429
2020,British Columbia (Brown),Corryn Brown,8,0,0,0,0,0,0,0,7,4,3,56,51,30,32,4,7,0.79,n/a,0.571428571,0.428571429,8,7.285714286,4.285714286,4.571428571,0.571428571,1
2020,Nova Scotia (Arsenault),Mary-Anne Arsenault,31,0,0,0,0,0,0,0,7,4,3,54,45,33,27,2,12,0.77,n/a,0.571428571,0.428571429,7.714285714,6.428571429,4.714285714,3.857142857,0.285714286,1.714285714
2020,Northwest Territories (Galusha),Kerry Galusha,NR,0,0,0,0,0,0,0,7,2,5,49,51,29,30,1,7,0.75,n/a,0.285714286,0.714285714,7,7.285714286,4.142857143,4.285714286,0.142857143,1
2020,Newfoundland and Labrador (Curtis),Erica Curtis,NR,0,0,0,0,0,0,0,7,1,6,31,60,24,33,1,5,0.71,n/a,0.142857143,0.857142857,4.428571429,8.571428571,3.428571429,4.714285714,0.142857143,0.714285714
2020,Yukon (Birnie),Hailey Birnie,NR,0,0,0,0,0,0,0,7,0,7,26,67,21,33,4,3,0.66,n/a,0,1,3.714285714,9.571428571,3,4.714285714,0.571428571,0.428571429
2019,Alberta (Carey),Chelsea Carey,4,champion,1,1,1,0,0,0,7,7,0,57,36,33,25,10,7,0.82,n/a,1,0,8.142857143,5.142857143,4.714285714,3.571428571,1.428571429,1
2019,Ontario (Homan),Rachel Homan,1,final,0.75,0,0,0,1,0,7,5,2,52,31,28,25,12,8,0.83,n/a,0.714285714,0.285714286,7.428571429,4.428571429,4,3.571428571,1.714285714,1.142857143
2019,Northern Ontario (McCarville),Krista McCarville,32,quarter,0.25,0,0,0,0,1,7,5,2,51,35,36,25,0,15,0.82,n/a,0.714285714,0.285714286,7.285714286,5,5.142857143,3.571428571,0,2.142857143
2019,British Columbia (Wark),Sarah Wark,24,0,0,0,0,0,0,0,7,4,3,52,43,33,32,3,7,0.78,n/a,0.571428571,0.428571429,7.428571429,6.142857143,4.714285714,4.571428571,0.428571429,1
2019,Manitoba (Fleury),Tracy Fleury,5,0,0,0,0,0,0,0,7,4,3,50,35,34,25,8,14,0.81,n/a,0.571428571,0.428571429,7.142857143,5,4.857142857,3.571428571,1.142857143,2
2019,Nova Scotia (Brothers),Jill Brothers,36,0,0,0,0,0,0,0,7,2,5,41,42,30,26,8,10,0.74,n/a,0.285714286,0.714285714,5.857142857,6,4.285714286,3.714285714,1.142857143,1.428571429
2019,Nunavut (Bodner),Jenine Bodner,NR,0,0,0,0,0,0,0,7,1,6,20,67,17,36,7,2,0.63,n/a,0.142857143,0.857142857,2.857142857,9.571428571,2.428571429,5.142857143,1,0.285714286
2019,Quebec (Lavoie),Gabrielle Lavoie,NR,0,0,0,0,0,0,0,7,0,7,23,57,18,35,10,3,0.72,n/a,0,1,3.285714286,8.142857143,2.571428571,5,1.428571429,0.428571429
2019,Alberta (Scheidegger),Casey Scheidegger,6,0,0,0,0,0,0,0,7,6,1,51,29,32,23,8,13,0.81,n/a,0.857142857,0.142857143,7.285714286,4.142857143,4.571428571,3.285714286,1.142857143,1.857142857
2019,Saskatchewan (Silvernagle),Robyn Silvernagle,7,semi,0.5,0,0,1,0,0,7,5,2,44,36,28,21,10,8,0.8,n/a,0.714285714,0.285714286,6.285714286,5.142857143,4,3,1.428571429,1.142857143
2019,Prince Edward Island (Birt),Suzanne Birt,25,0,0,0,0,0,0,0,7,5,2,63,44,30,26,1,10,0.79,n/a,0.714285714,0.285714286,9,6.285714286,4.285714286,3.714285714,0.142857143,1.428571429
2019,Canada (Jones),Jennifer Jones,3,0,0,0,0,0,0,0,7,4,3,46,44,27,32,5,6,0.78,n/a,0.571428571,0.428571429,6.571428571,6.285714286,3.857142857,4.571428571,0.714285714,0.857142857
2019,Northwest Territories (Galusha),Kerry Galusha,34,0,0,0,0,0,0,0,7,3,4,48,54,25,29,1,3,0.74,n/a,0.428571429,0.571428571,6.857142857,7.714285714,3.571428571,4.142857143,0.142857143,0.428571429
2019,New Brunswick (Crawford),Andrea Crawford,45,0,0,0,0,0,0,0,7,3,4,55,51,29,28,4,7,0.78,n/a,0.428571429,0.571428571,7.857142857,7.285714286,4.142857143,4,0.571428571,1
2019,Newfoundland and Labrador (Sharpe),Kelli Sharpe,NR,0,0,0,0,0,0,0,7,1,6,37,60,23,30,4,3,0.73,n/a,0.142857143,0.857142857,5.285714286,8.571428571,3.285714286,4.285714286,0.571428571,0.428571429
2019,Yukon (Baldwin),Nicole Baldwin,NR,0,0,0,0,0,0,0,7,1,6,37,63,25,30,3,7,0.71,n/a,0.142857143,0.857142857,5.285714286,9,3.571428571,4.285714286,0.428571429,1
2018,Manitoba (Einarson),Kerri Einarson,4,final,0.75,0,1,0,0,0,7,6,1,56,32,31,24,7,11,0.84,n/a,0.857142857,0.142857143,8,4.571428571,4.428571429,3.428571429,1,1.571428571
2018,Manitoba (Jones),Jennifer Jones,1,champion,1,1,0,1,0,0,7,5,2,65,37,28,22,8,8,0.87,n/a,0.714285714,0.285714286,9.285714286,5.285714286,4,3.142857143,1.142857143,1.142857143
2018,Nova Scotia (Arsenault),Mary-Anne Arsenault,32,semi,0.5,0,0,0,1,0,7,5,2,52,41,32,23,11,8,0.8,n/a,0.714285714,0.285714286,7.428571429,5.857142857,4.571428571,3.285714286,1.571428571,1.142857143
2018,Northern Ontario (Fleury),Tracy Fleury,14,quarter,0.25,0,0,0,0,1,7,5,2,47,43,28,28,10,8,0.82,n/a,0.714285714,0.285714286,6.714285714,6.142857143,4,4,1.428571429,1.142857143
2018,New Brunswick (Robichaud),Sylvie Robichaud,69,0,0,0,0,0,0,0,7,4,3,45,43,32,26,13,9,0.79,n/a,0.571428571,0.428571429,6.428571429,6.142857143,4.571428571,3.714285714,1.857142857,1.285714286
2018,Saskatchewan (Anderson),Sherry Anderson,51,0,0,0,0,0,0,0,7,2,5,40,53,27,30,7,5,0.79,n/a,0.285714286,0.714285714,5.714285714,7.571428571,3.857142857,4.285714286,1,0.714285714
2018,Northwest Territories (Galusha),Kerry Galusha,116,0,0,0,0,0,0,0,7,1,6,41,58,22,33,10,7,0.76,n/a,0.142857143,0.857142857,5.857142857,8.285714286,3.142857143,4.714285714,1.428571429,1
2018,Yukon (Duncan),Chelsea Duncan,138,0,0,0,0,0,0,0,7,0,7,27,65,20,34,6,0,0.69,n/a,0,1,3.857142857,9.285714286,2.857142857,4.857142857,0.857142857,0
2018,Alberta (Scheidegger),Casey Scheidegger,8,0,0,0,0,0,0,0,7,6,1,60,33,32,22,8,9,0.86,n/a,0.857142857,0.142857143,8.571428571,4.714285714,4.571428571,3.142857143,1.142857143,1.285714286
2018,Canada (Englot),Michelle Englot,9,0,0,0,0,0,0,0,7,5,2,51,38,31,24,10,8,0.85,n/a,0.714285714,0.285714286,7.285714286,5.428571429,4.428571429,3.428571429,1.428571429,1.142857143
2018,British Columbia (Van Osch),Kesa Van Osch,34,0,0,0,0,0,0,0,7,4,3,41,46,24,29,10,4,0.76,n/a,0.571428571,0.428571429,5.857142857,6.571428571,3.428571429,4.142857143,1.428571429,0.571428571
2018,Newfoundland and Labrador (Curtis),Stacie Curtis,64,0,0,0,0,0,0,0,7,4,3,57,46,28,30,7,4,0.81,n/a,0.571428571,0.428571429,8.142857143,6.571428571,4,4.285714286,1,0.571428571
2018,Ontario (H. Duncan),Hollie Duncan,21,0,0,0,0,0,0,0,7,4,3,49,38,30,26,12,10,0.83,n/a,0.571428571,0.428571429,7,5.428571429,4.285714286,3.714285714,1.714285714,1.428571429
2018,Quebec (Gagne),Emilia Gagne,NR,0,0,0,0,0,0,0,7,3,4,42,47,29,28,8,6,0.73,n/a,0.428571429,0.571428571,6,6.714285714,4.142857143,4,1.142857143,0.857142857
2018,Prince Edward Island (MacPhee),Robyn MacPhee,67,0,0,0,0,0,0,0,7,2,5,50,51,29,30,7,4,0.8,n/a,0.285714286,0.714285714,7.142857143,7.285714286,4.142857143,4.285714286,1,0.571428571
2018,Nunavut (Shackleton),Amie Shackleton,NR,0,0,0,0,0,0,0,7,0,7,23,74,20,33,4,4,0.62,n/a,0,1,3.285714286,10.57142857,2.857142857,4.714285714,0.571428571,0.571428571
2017,Manitoba (Englot),Michelle Englot,6,final,0.75,0,1,0,0,0,11,10,1,92,52,55,38,7,20,0.81,n/a,0.909090909,0.090909091,8.363636364,4.727272727,5,3.454545455,0.636363636,1.818181818
2017,Ontario (Homan),Rachel Homan,2,champion,1,1,0,1,0,0,11,10,1,76,45,49,34,16,19,0.85,n/a,0.909090909,0.090909091,6.909090909,4.090909091,4.454545455,3.090909091,1.454545455,1.727272727
2017,Canada (Carey),Chelsea Carey,13,quarter,0.25,0,0,0,1,0,11,9,2,79,58,52,41,12,12,0.83,n/a,0.818181818,0.181818182,7.181818182,5.272727273,4.727272727,3.727272727,1.090909091,1.090909091
2017,Northern Ontario (McCarville),Krista McCarville,17,semi,0.5,0,0,0,0,1,11,8,3,81,59,53,40,11,17,0.82,n/a,0.727272727,0.272727273,7.363636364,5.363636364,4.818181818,3.636363636,1,1.545454545
2017,Quebec (Belisle),Eve Belisle,52,0,0,0,0,0,0,0,11,7,4,74,61,45,43,13,10,0.77,n/a,0.636363636,0.363636364,6.727272727,5.545454545,4.090909091,3.909090909,1.181818182,0.909090909
2017,Alberta (Nedohin),Heather Nedohin,15,0,0,0,0,0,0,0,11,5,6,74,71,46,46,12,10,0.81,n/a,0.454545455,0.545454545,6.727272727,6.454545455,4.181818182,4.181818182,1.090909091,0.909090909
2017,Newfoundland and Labrador (Curtis),Stacie Curtis,123,0,0,0,0,0,0,0,11,5,6,64,66,38,47,14,7,0.77,n/a,0.454545455,0.545454545,5.818181818,6,3.454545455,4.272727273,1.272727273,0.636363636
2017,Northwest Territories (Galusha),Kerry Galusha,129,0,0,0,0,0,0,0,11,5,6,65,76,43,47,15,9,0.75,n/a,0.454545455,0.545454545,5.909090909,6.909090909,3.909090909,4.272727273,1.363636364,0.818181818
2017,Prince Edward Island (MacPhee),Robyn MacPhee,29,0,0,0,0,0,0,0,12,4,8,63,82,42,53,10,10,0.75,n/a,0.333333333,0.666666667,5.25,6.833333333,3.5,4.416666667,0.833333333,0.833333333
2017,Nova Scotia (Mattatall),Mary Mattatall,50,0,0,0,0,0,0,0,12,3,9,54,89,38,47,14,8,0.73,n/a,0.25,0.75,4.5,7.416666667,3.166666667,3.916666667,1.166666667,0.666666667
2017,British Columbia (Mallett),Marla Mallett,28,0,0,0,0,0,0,0,11,1,10,52,90,34,53,13,6,0.78,n/a,0.090909091,0.909090909,4.727272727,8.181818182,3.090909091,4.818181818,1.181818182,0.545454545
2017,Saskatchewan (Barker),Penny Barker,44,0,0,0,0,0,0,0,11,1,10,61,86,45,52,10,10,0.75,n/a,0.090909091,0.909090909,5.545454545,7.818181818,4.090909091,4.727272727,0.909090909,0.909090909
2016,Alberta (Carey),Chelsea Carey,4,champion,1,1,1,0,0,0,11,9,2,78,59,47,40,17,11,0.84,n/a,0.818181818,0.181818182,7.090909091,5.363636364,4.272727273,3.636363636,1.545454545,1
2016,Canada (Jones),Jennifer Jones,2,semi,0.5,0,0,1,0,0,11,9,2,90,59,49,42,6,9,0.87,n/a,0.818181818,0.181818182,8.181818182,5.363636364,4.454545455,3.818181818,0.545454545,0.818181818
2016,Manitoba (Einarson),Kerri Einarson,7,quarter,0.25,0,0,0,1,0,11,7,4,81,75,46,48,12,9,0.82,n/a,0.636363636,0.363636364,7.363636364,6.818181818,4.181818182,4.363636364,1.090909091,0.818181818
2016,Northern Ontario (McCarville),Krista McCarville,13,final,0.75,0,0,0,0,1,11,7,4,80,64,49,42,16,16,0.82,n/a,0.636363636,0.363636364,7.272727273,5.818181818,4.454545455,3.818181818,1.454545455,1.454545455
2016,Ontario (Hanna),Jenn Hanna,33,0,0,0,0,0,0,0,11,6,5,62,62,47,41,17,15,0.83,n/a,0.545454545,0.454545455,5.636363636,5.636363636,4.272727273,3.727272727,1.545454545,1.363636364
2016,Saskatchewan (Campbell),Jolene Campbell,30,0,0,0,0,0,0,0,11,6,5,73,70,44,46,11,9,0.82,n/a,0.545454545,0.454545455,6.636363636,6.363636364,4,4.181818182,1,0.818181818
2016,Nova Scotia (Brothers),Jill Brothers,29,0,0,0,0,0,0,0,11,6,5,71,70,39,41,14,11,0.79,n/a,0.545454545,0.454545455,6.454545455,6.363636364,3.545454545,3.727272727,1.272727273,1
2016,Quebec (Larouche),Marie-France Larouche,47,0,0,0,0,0,0,0,11,5,6,63,64,40,47,14,9,0.8,n/a,0.454545455,0.545454545,5.727272727,5.818181818,3.636363636,4.272727273,1.272727273,0.818181818
2016,Prince Edward Island (Birt),Suzanne Birt,24,0,0,0,0,0,0,0,11,4,7,59,68,40,41,19,12,0.79,n/a,0.363636364,0.636363636,5.363636364,6.181818182,3.636363636,3.727272727,1.727272727,1.090909091
2016,Newfoundland and Labrador (Curtis),Stacie Curtis,114,0,0,0,0,0,0,0,11,3,8,59,75,41,45,15,9,0.79,n/a,0.272727273,0.727272727,5.363636364,6.818181818,3.727272727,4.090909091,1.363636364,0.818181818
2016,British Columbia (Thompson),Karla Thompson,48,0,0,0,0,0,0,0,11,2,9,55,87,38,49,15,5,0.74,n/a,0.181818182,0.818181818,5,7.909090909,3.454545455,4.454545455,1.363636364,0.454545455
2016,New Brunswick (Robichaud),Sylvie Robichaud,55,0,0,0,0,0,0,0,11,2,9,59,74,44,45,17,7,0.79,n/a,0.181818182,0.818181818,5.363636364,6.727272727,4,4.090909091,1.545454545,0.636363636
2015,Manitoba (Jones),Jennifer Jones,1,champion,1,1,1,0,0,0,11,10,1,92,50,52,39,8,17,0.85,n/a,0.909090909,0.090909091,8.363636364,4.545454545,4.727272727,3.545454545,0.727272727,1.545454545
2015,Alberta (Sweeting),Val Sweeting,2,final,0.75,0,0,1,0,0,11,9,2,74,61,44,45,11,11,0.82,n/a,0.818181818,0.181818182,6.727272727,5.545454545,4,4.090909091,1,1
2015,Saskatchewan (Lawton),Stefanie Lawton,15,semi,0.5,0,0,0,1,0,11,8,3,65,43,49,35,20,16,0.82,n/a,0.727272727,0.272727273,5.909090909,3.909090909,4.454545455,3.181818182,1.818181818,1.454545455
2015,Canada (Homan),Rachel Homan,3,quarter,0.25,0,0,0,0,1,11,7,4,80,59,49,39,16,15,0.82,n/a,0.636363636,0.363636364,7.272727273,5.363636364,4.454545455,3.545454545,1.454545455,1.363636364
2015,Northern Ontario (Horgan),Tracy Horgan,10,0,0,0,0,0,0,0,11,6,5,68,62,49,44,10,12,0.77,n/a,0.545454545,0.454545455,6.181818182,5.636363636,4.454545455,4,0.909090909,1.090909091
2015,Ontario (Hastings),Julie Hastings,9,0,0,0,0,0,0,0,11,5,6,70,73,50,49,9,18,0.77,n/a,0.454545455,0.545454545,6.363636364,6.636363636,4.545454545,4.454545455,0.818181818,1.636363636
2015,Nova Scotia (Arsenault),Mary-Anne Arsenault,46,0,0,0,0,0,0,0,11,5,6,71,69,45,48,16,11,0.79,n/a,0.454545455,0.545454545,6.454545455,6.272727273,4.090909091,4.363636364,1.454545455,1
2015,Newfoundland and Labrador (Strong),Heather Strong,NR,0,0,0,0,0,0,0,11,4,7,56,76,43,43,13,11,0.71,n/a,0.363636364,0.636363636,5.090909091,6.909090909,3.909090909,3.909090909,1.181818182,1
2015,Prince Edward Island (Birt),Suzanne Birt,NR,0,0,0,0,0,0,0,11,4,7,61,70,43,35,13,12,0.76,n/a,0.363636364,0.636363636,5.545454545,6.363636364,3.909090909,3.181818182,1.181818182,1.090909091
2015,New Brunswick (Robichaud),Sylvie Robichaud,NR,0,0,0,0,0,0,0,11,4,7,61,79,44,48,12,6,0.78,n/a,0.363636364,0.636363636,5.545454545,7.181818182,4,4.363636364,1.090909091,0.545454545
2015,Quebec (Mann),Lauren Mann,27,0,0,0,0,0,0,0,11,3,8,64,79,42,53,7,7,0.75,n/a,0.272727273,0.727272727,5.818181818,7.181818182,3.818181818,4.818181818,0.636363636,0.636363636
2015,British Columbia (Knezevic),Patti Knezevic,53,0,0,0,0,0,0,0,11,1,10,47,88,34,56,9,3,0.74,n/a,0.090909091,0.909090909,4.272727273,8,3.090909091,5.090909091,0.818181818,0.272727273
2014,Canada (Homan),Rachel Homan,2,champion,1,1,1,0,0,0,11,11,0,94,43,49,32,14,17,0.9,n/a,1,0,8.545454545,3.909090909,4.454545455,2.909090909,1.272727273,1.545454545
2014,Manitoba (Carey),Chelsea Carey,5,semi,0.5,0,0,1,0,0,11,9,2,79,54,48,37,18,13,0.85,n/a,0.818181818,0.181818182,7.181818182,4.909090909,4.363636364,3.363636364,1.636363636,1.181818182
2014,Saskatchewan (Lawton),Stefanie Lawton,4,quarter,0.25,0,0,0,1,0,11,8,3,78,52,44,40,17,4,0.85,n/a,0.727272727,0.272727273,7.090909091,4.727272727,4,3.636363636,1.545454545,0.363636364
2014,Alberta (Sweeting),Val Sweeting,3,final,0.75,0,0,0,0,1,11,8,3,79,65,49,42,13,13,0.84,n/a,0.727272727,0.272727273,7.181818182,5.909090909,4.454545455,3.818181818,1.181818182,1.181818182
2014,New Brunswick (Crawford),Andrea Crawford,NR,0,0,0,0,0,0,0,11,6,5,59,68,42,41,21,11,0.8,n/a,0.545454545,0.454545455,5.363636364,6.181818182,3.818181818,3.727272727,1.909090909,1
2014,British Columbia (Van Osch),Kesa Van Osch,49,0,0,0,0,0,0,0,11,6,5,66,62,43,41,21,7,0.8,n/a,0.545454545,0.454545455,6,5.636363636,3.909090909,3.727272727,1.909090909,0.636363636
2014,Newfoundland and Labrador (Strong),Heather Strong,NR,0,0,0,0,0,0,0,11,4,7,55,71,40,51,14,6,0.78,n/a,0.363636364,0.636363636,5,6.454545455,3.636363636,4.636363636,1.272727273,0.545454545
2014,Nova Scotia (Smith),Heather Smith,19,0,0,0,0,0,0,0,11,4,7,70,70,42,43,17,13,0.82,n/a,0.363636364,0.636363636,6.363636364,6.363636364,3.818181818,3.909090909,1.545454545,1.181818182
2014,Prince Edward Island (Dolan),Kim Dolan,NR,0,0,0,0,0,0,0,11,3,8,54,78,43,48,16,10,0.77,n/a,0.272727273,0.727272727,4.909090909,7.090909091,3.909090909,4.363636364,1.454545455,0.909090909
2014,Ontario (Flaxey),Allison Flaxey,10,0,0,0,0,0,0,0,11,3,8,64,73,42,49,13,7,0.82,n/a,0.272727273,0.727272727,5.818181818,6.636363636,3.818181818,4.454545455,1.181818182,0.636363636
2014,Quebec (Ross),Allison Ross,47,0,0,0,0,0,0,0,11,2,9,51,82,39,47,13,9,0.75,n/a,0.181818182,0.818181818,4.636363636,7.454545455,3.545454545,4.272727273,1.181818182,0.818181818
2014,Yukon/Northwest Territories (Koltun),Sarah Koltun,43,0,0,0,0,0,0,0,11,2,9,52,81,38,47,13,7,0.76,n/a,0.181818182,0.818181818,4.727272727,7.363636364,3.454545455,4.272727273,1.181818182,0.636363636
2013,Manitoba (Jones),Jennifer Jones,2,final,0.75,0,1,0,0,0,11,11,0,95,45,53,35,9,20,0.85,n/a,1,0,8.636363636,4.090909091,4.818181818,3.181818182,0.818181818,1.818181818
2013,Ontario (Homan),Rachel Homan,1,champion,1,1,0,1,0,0,11,10,1,87,48,50,33,16,14,0.82,n/a,0.909090909,0.090909091,7.909090909,4.363636364,4.545454545,3,1.454545455,1.272727273
2013,British Columbia (Scott),Kelly Scott,12,quarter,0.25,0,0,0,1,0,11,8,3,89,69,53,47,3,10,0.79,n/a,0.727272727,0.272727273,8.090909091,6.272727273,4.818181818,4.272727273,0.272727273,0.909090909
2013,Canada (Nedohin),Heather Nedohin,4,semi,0.5,0,0,0,0,1,11,7,4,79,61,46,46,11,9,0.81,n/a,0.636363636,0.363636364,7.181818182,5.545454545,4.181818182,4.181818182,1,0.818181818
2013,Saskatchewan (Shumay),Jill Shumay,22,0,0,0,0,0,0,0,11,6,5,71,74,45,44,7,14,0.73,n/a,0.545454545,0.454545455,6.454545455,6.727272727,4.090909091,4,0.636363636,1.272727273
2013,New Brunswick (Crawford),Andrea Crawford,31,0,0,0,0,0,0,0,11,6,5,82,82,46,49,8,11,0.76,n/a,0.545454545,0.454545455,7.454545455,7.454545455,4.181818182,4.454545455,0.727272727,1
2013,Nova Scotia (Arsenault),Mary-Anne Arsenault,19,0,0,0,0,0,0,0,11,5,6,68,76,52,44,9,18,0.79,n/a,0.454545455,0.545454545,6.181818182,6.909090909,4.727272727,4,0.818181818,1.636363636
2013,Prince Edward Island (Birt),Suzanne Birt,24,0,0,0,0,0,0,0,11,5,6,79,83,48,47,6,11,0.73,n/a,0.454545455,0.545454545,7.181818182,7.545454545,4.363636364,4.272727273,0.545454545,1
2013,Quebec (Ross),Allison Ross,NR,0,0,0,0,0,0,0,11,3,8,60,89,43,46,13,11,0.75,n/a,0.272727273,0.727272727,5.454545455,8.090909091,3.909090909,4.181818182,1.181818182,1
2013,Northwest Territories (Galusha),Kerry Galusha,60,0,0,0,0,0,0,0,11,2,9,58,92,40,54,9,10,0.67,n/a,0.181818182,0.818181818,5.272727273,8.363636364,3.636363636,4.909090909,0.818181818,0.909090909
2013,Newfoundland and Labrador (Devereaux),Stacie Devereaux,44,0,0,0,0,0,0,0,11,2,9,59,87,37,58,6,8,0.68,n/a,0.181818182,0.818181818,5.363636364,7.909090909,3.363636364,5.272727273,0.545454545,0.727272727
2013,Alberta (Moore),Kristie Moore,26,champion,1,1,0,0,0,0,11,1,10,53,80,37,49,13,4,0.7,n/a,0.090909091,0.909090909,4.818181818,7.272727273,3.363636364,4.454545455,1.181818182,0.363636364
2012,Manitoba (Jones),Jennifer Jones,1,semi,0.5,0,1,0,0,0,11,9,2,77,56,50,39,16,15,0.85,n/a,0.818181818,0.181818182,7,5.090909091,4.545454545,3.545454545,1.454545455,1.363636364
2012,British Columbia (Scott),Kelly Scott,10,final,0.75,0,0,1,0,0,11,8,3,87,74,54,46,8,12,0.79,n/a,0.727272727,0.272727273,7.909090909,6.727272727,4.909090909,4.181818182,0.727272727,1.090909091
2012,Quebec (Larouche),Marie-France Larouche,26,quarter,0.25,0,0,0,1,0,11,7,4,71,67,51,46,11,13,0.79,n/a,0.636363636,0.363636364,6.454545455,6.090909091,4.636363636,4.181818182,1,1.181818182
2012,Alberta (Nedohin),Heather Nedohin,2,0,0,0,0,0,0,1,11,7,4,81,64,52,45,10,12,0.83,n/a,0.636363636,0.363636364,7.363636364,5.818181818,4.727272727,4.090909091,0.909090909,1.090909091
2012,Canada (Holland),Amber Holland,17,0,0,0,0,0,0,0,11,6,5,71,65,43,49,13,10,0.81,n/a,0.545454545,0.454545455,6.454545455,5.909090909,3.909090909,4.454545455,1.181818182,0.909090909
2012,New Brunswick (Atkinson),Rebecca Atkinson,36,0,0,0,0,0,0,0,11,5,6,70,78,43,50,11,5,0.78,n/a,0.454545455,0.545454545,6.363636364,7.090909091,3.909090909,4.545454545,1,0.454545455
2012,Saskatchewan (Englot),Michelle Englot,20,0,0,0,0,0,0,0,11,5,6,89,78,50,50,5,14,0.8,n/a,0.454545455,0.545454545,8.090909091,7.090909091,4.545454545,4.545454545,0.454545455,1.272727273
2012,Ontario (Horgan),Tracy Horgan,24,0,0,0,0,0,0,0,11,4,7,69,69,44,46,10,13,0.78,n/a,0.363636364,0.636363636,6.272727273,6.272727273,4,4.181818182,0.909090909,1.181818182
2012,Newfoundland and Labrador (Strong),Heather Strong,41,0,0,0,0,0,0,0,11,4,7,70,76,43,49,10,10,0.8,n/a,0.363636364,0.636363636,6.363636364,6.909090909,3.909090909,4.454545455,0.909090909,0.909090909
2012,Northwest Territories/Yukon (Galusha),Kerry Galusha,40,0,0,0,0,0,0,0,11,4,7,61,85,45,49,4,12,0.74,n/a,0.363636364,0.636363636,5.545454545,7.727272727,4.090909091,4.454545455,0.363636364,1.090909091
2012,Nova Scotia (Smith),Heather Smith,23,0,0,0,0,0,0,0,11,4,7,63,84,45,45,12,12,0.76,n/a,0.363636364,0.636363636,5.727272727,7.636363636,4.090909091,4.090909091,1.090909091,1.090909091
2012,Prince Edward Island (Dolan),Kim Dolan,NR,0,0,0,0,0,0,0,11,3,8,73,80,46,49,14,10,0.76,n/a,0.272727273,0.727272727,6.636363636,7.272727273,4.181818182,4.454545455,1.272727273,0.909090909
2011,Saskatchewan (Holland),Amber Holland,2,0,0,0,1,0,0,0,11,9,2,87,59,43,47,9,9,0.81,n/a,0.818181818,0.181818182,7.909090909,5.363636364,3.909090909,4.272727273,0.818181818,0.818181818
2011,Canada (Jones),Jennifer Jones,1,0,0,0,0,1,0,0,11,8,3,87,54,50,37,9,16,0.84,n/a,0.727272727,0.272727273,7.909090909,4.909090909,4.545454545,3.363636364,0.818181818,1.454545455
2011,Ontario (Homan),Rachel Homan,7,0,0,0,0,0,1,0,11,8,3,77,51,52,36,9,18,0.8,n/a,0.727272727,0.272727273,7,4.636363636,4.727272727,3.272727273,0.818181818,1.636363636
2011,Nova Scotia (Smith),Heather Smith,NR,0,0,0,0,0,0,1,11,7,4,77,69,46,46,9,15,0.76,n/a,0.636363636,0.363636364,7,6.272727273,4.181818182,4.181818182,0.818181818,1.363636364
2011,British Columbia (Scott),Kelly Scott,13,0,0,0,0,0,0,0,11,7,4,64,61,51,39,13,17,0.76,n/a,0.636363636,0.363636364,5.818181818,5.545454545,4.636363636,3.545454545,1.181818182,1.545454545
2011,Prince Edward Island (Birt),Suzanne Birt,36,0,0,0,0,0,0,0,11,6,5,69,66,45,40,18,14,0.77,n/a,0.545454545,0.454545455,6.272727273,6,4.090909091,3.636363636,1.636363636,1.272727273
2011,Alberta (Kleibrink),Shannon Kleibrink,3,0,0,0,0,0,0,0,11,6,5,76,66,49,49,8,12,0.8,n/a,0.545454545,0.454545455,6.909090909,6,4.454545455,4.454545455,0.727272727,1.090909091
2011,Quebec (Larouche),Marie-France Larouche,23,0,0,0,0,0,0,0,11,4,7,73,78,38,39,7,8,0.77,n/a,0.363636364,0.636363636,6.636363636,7.090909091,3.454545455,3.545454545,0.636363636,0.727272727
2011,Manitoba (Overton-Clapham),Cathy Overton-Clapham,9,0,0,0,0,0,0,0,11,4,7,69,76,48,55,5,11,0.72,n/a,0.363636364,0.636363636,6.272727273,6.909090909,4.363636364,5,0.454545455,1
2011,Northwest Territories/Yukon (Galusha),Kerry Galusha,50,0,0,0,0,0,0,0,11,3,8,48,86,36,51,11,5,0.7,n/a,0.272727273,0.727272727,4.363636364,7.818181818,3.272727273,4.636363636,1,0.454545455
2011,New Brunswick (Kelly),Andrea Kelly,45,0,0,0,0,0,0,0,11,3,8,58,76,42,49,10,9,0.75,n/a,0.272727273,0.727272727,5.272727273,6.909090909,3.818181818,4.454545455,0.909090909,0.818181818
2011,Newfoundland and Labrador (Devereaux),Stacie Devereaux,68,0,0,0,0,0,0,0,11,1,10,54,86,34,56,6,5,0.68,n/a,0.090909091,0.909090909,4.909090909,7.818181818,3.090909091,5.090909091,0.545454545,0.454545455
2010,Prince Edward Island (O'Rourke),Kathy O'Rourke,NR,final,0.75,0,1,0,0,0,11,8,3,79,73,47,43,10,16,0.76,n/a,0.727272727,0.272727273,7.181818182,6.636363636,4.272727273,3.909090909,0.909090909,1.454545455
2010,Canada (Jones),Jennifer Jones,1,champion,1,1,0,1,0,0,11,8,3,80,66,46,45,8,11,0.84,n/a,0.727272727,0.272727273,7.272727273,6,4.181818182,4.090909091,0.727272727,1
2010,British Columbia (Scott),Kelly Scott,3,quarter,0.25,0,0,0,1,0,11,7,4,76,60,52,46,7,15,0.79,n/a,0.636363636,0.363636364,6.909090909,5.454545455,4.727272727,4.181818182,0.636363636,1.363636364
2010,Ontario (McCarville),Krista McCarville,7,semi,0.5,0,0,0,0,1,11,7,4,80,61,43,45,9,12,0.74,n/a,0.636363636,0.363636364,7.272727273,5.545454545,3.909090909,4.090909091,0.818181818,1.090909091
2010,Manitoba (Thurston),Jill Thurston,24,0,0,0,0,0,0,0,11,7,4,84,68,53,45,5,22,76,n/a,0.636363636,0.363636364,7.636363636,6.181818182,4.818181818,4.090909091,0.454545455,2
2010,Saskatchewan (Holland),Amber Holland,4,0,0,0,0,0,0,0,11,6,5,64,71,47,55,14,12,0.75,n/a,0.545454545,0.454545455,5.818181818,6.454545455,4.272727273,5,1.272727273,1.090909091
2010,Quebec (Belisle),Eve Belisle,11,0,0,0,0,0,0,0,11,5,6,64,71,43,45,10,9,0.79,n/a,0.454545455,0.545454545,5.818181818,6.454545455,3.909090909,4.090909091,0.909090909,0.818181818
2010,New Brunswick (Kelly),Andrea Kelly,34,0,0,0,0,0,0,0,11,5,6,72,75,43,46,12,7,75,n/a,0.454545455,0.545454545,6.545454545,6.818181818,3.909090909,4.181818182,1.090909091,0.636363636
2010,Alberta (Sweeting),Val Sweeting,13,0,0,0,0,0,0,0,11,4,7,67,76,42,47,8,9,71,n/a,0.363636364,0.636363636,6.090909091,6.909090909,3.818181818,4.272727273,0.727272727,0.818181818
2010,Northwest Territories/Yukon (Cormier),Sharon Cormier,NR,0,0,0,0,0,0,0,11,4,7,72,75,50,49,7,14,0.7,n/a,0.363636364,0.636363636,6.545454545,6.818181818,4.545454545,4.454545455,0.636363636,1.272727273
2010,Newfoundland and Labrador (Nichols),Shelley Nichols,47,0,0,0,0,0,0,0,11,4,7,73,77,45,46,5,19,0.68,n/a,0.363636364,0.636363636,6.636363636,7,4.090909091,4.181818182,0.454545455,1.727272727
2010,Nova Scotia (McConnery),Nancy McConnery,52,0,0,0,0,0,0,0,11,1,10,53,84,40,52,9,8,0.71,n/a,0.090909091,0.909090909,4.818181818,7.636363636,3.636363636,4.727272727,0.818181818,0.727272727
2009,British Columbia (Mallett),Marla Mallett,n/a,final,0.75,0,1,0,0,0,11,8,3,79,60,45,43,15,10,0.81,n/a,0.727272727,0.272727273,7.181818182,5.454545455,4.090909091,3.909090909,1.363636364,0.909090909
2009,Quebec (Larouche),Marie-France Larouche,n/a,semi,0.5,0,0,1,0,0,11,7,4,79,71,50,48,6,8,0.8,n/a,0.636363636,0.363636364,7.181818182,6.454545455,4.545454545,4.363636364,0.545454545,0.727272727
2009,Saskatchewan (Lawton),Stefanie Lawton,n/a,quarter,0.25,0,0,0,1,0,11,7,4,87,75,53,47,6,16,0.83,n/a,0.636363636,0.363636364,7.909090909,6.818181818,4.818181818,4.272727273,0.545454545,1.454545455
2009,Canada (Jones),Jennifer Jones,n/a,champion,1,1,0,0,0,1,11,7,4,82,58,50,39,9,15,0.83,n/a,0.636363636,0.363636364,7.454545455,5.272727273,4.545454545,3.545454545,0.818181818,1.363636364
2009,Prince Edward Island (MacPhee),Rebeccea Jean MacPhee,n/a,0,0,0,0,0,0,0,11,7,4,79,72,49,46,7,14,0.77,n/a,0.636363636,0.363636364,7.181818182,6.545454545,4.454545455,4.181818182,0.636363636,1.272727273
2009,Ontario (McCarville),Krista McCarville,n/a,0,0,0,0,0,0,0,11,6,5,81,76,50,52,9,6,0.79,n/a,0.545454545,0.454545455,7.363636364,6.909090909,4.545454545,4.727272727,0.818181818,0.545454545
2009,Alberta (Bernard),Cherly Bernard,n/a,0,0,0,0,0,0,0,11,6,5,69,66,48,42,15,12,0.81,n/a,0.545454545,0.454545455,6.272727273,6,4.363636364,3.818181818,1.363636364,1.090909091
2009,New Brunswick (Kelly),Andrea Kelly,n/a,0,0,0,0,0,0,0,11,5,6,60,77,41,46,13,8,0.78,n/a,0.454545455,0.545454545,5.454545455,7,3.727272727,4.181818182,1.181818182,0.727272727
2009,Newfoundland and Labrador (Strong),Heather Strong,n/a,0,0,0,0,0,0,0,11,5,6,81,73,49,50,9,10,0.81,n/a,0.454545455,0.545454545,7.363636364,6.636363636,4.454545455,4.545454545,0.818181818,0.909090909
2009,Northwest Territories/Yukon (Galusha),Kerry Galusha,n/a,0,0,0,0,0,0,0,11,4,7,77,83,51,52,5,12,0.75,n/a,0.363636364,0.636363636,7,7.545454545,4.636363636,4.727272727,0.454545455,1.090909091
2009,Nova Scotia (McConnery),Nancy McConnery,n/a,0,0,0,0,0,0,0,11,2,9,51,81,37,49,14,5,0.75,n/a,0.181818182,0.818181818,4.636363636,7.363636364,3.363636364,4.454545455,1.272727273,0.454545455
2009,Manitoba (Spencer),Barb Spencer,n/a,0,0,0,0,0,0,0,11,2,9,58,91,41,50,8,8,0.77,n/a,0.181818182,0.818181818,5.272727273,8.272727273,3.727272727,4.545454545,0.727272727,0.727272727
2008,Alberta (Kleibrink),Shannon Kleibrink,n/a,final,0.75,0,1,0,0,0,11,10,1,89,56,51,40,12,16,0.84,n/a,0.909090909,0.090909091,8.090909091,5.090909091,4.636363636,3.636363636,1.090909091,1.454545455
2008,Ontario (Middaugh),Sherry Middaugh,n/a,semi,0.5,0,0,1,0,0,11,9,2,92,58,50,41,12,16,0.8,n/a,0.818181818,0.181818182,8.363636364,5.272727273,4.545454545,3.727272727,1.090909091,1.454545455
2008,Quebec (Larouche),Marie-France Larouche,n/a,quarter,0.25,0,0,0,1,0,11,8,3,89,67,45,45,10,9,0.8,n/a,0.727272727,0.272727273,8.090909091,6.090909091,4.090909091,4.090909091,0.909090909,0.818181818
2008,Manitoba (Jones),Jennifer Jones,n/a,champion,1,1,0,0,0,1,11,7,4,78,65,49,44,6,17,0.83,n/a,0.636363636,0.363636364,7.090909091,5.909090909,4.454545455,4,0.545454545,1.545454545
2008,Newfoundland and Labrador (Strong),Heather Strong,n/a,0,0,0,0,0,0,0,11,7,4,78,77,53,46,11,14,0.79,n/a,0.636363636,0.363636364,7.090909091,7,4.818181818,4.181818182,1,1.272727273
2008,Nova Scotia (Arsenault),Mary-Anne Arsenault,n/a,0,0,0,0,0,0,0,11,6,5,75,76,46,49,11,12,0.8,n/a,0.545454545,0.454545455,6.818181818,6.909090909,4.181818182,4.454545455,1,1.090909091
2008,Saskatchewan (Englot),Michelle Englot,n/a,0,0,0,0,0,0,0,11,5,6,64,68,45,42,9,17,0.77,n/a,0.454545455,0.545454545,5.818181818,6.181818182,4.090909091,3.818181818,0.818181818,1.545454545
2008,Canada (Scott),Kelly Scott,n/a,0,0,0,0,0,0,0,11,5,6,70,73,43,49,11,10,0.74,n/a,0.454545455,0.545454545,6.363636364,6.636363636,3.909090909,4.454545455,1,0.909090909
2008,British Columbia (MacInnes),Allison MacInnes,n/a,0,0,0,0,0,0,0,11,4,7,70,74,43,49,11,1,0.74,n/a,0.363636364,0.636363636,6.363636364,6.727272727,3.909090909,4.454545455,1,0.090909091
2008,Prince Edward Island (Gaudet),Suzanne Gaudet,n/a,0,0,0,0,0,0,0,11,3,8,60,82,40,51,6,6,0.76,n/a,0.272727273,0.727272727,5.454545455,7.454545455,3.636363636,4.636363636,0.545454545,0.545454545
2008,Northwest Territories/Yukon (Galusha),Kerry Galusha,n/a,0,0,0,0,0,0,0,11,1,10,59,92,45,52,5,13,0.73,n/a,0.090909091,0.909090909,5.363636364,8.363636364,4.090909091,4.727272727,0.454545455,1.181818182
2008,New Brunswick (Robichaud),Sylvie Robichaud,n/a,0,0,0,0,0,0,0,11,1,10,57,93,41,48,12,10,0.73,n/a,0.090909091,0.909090909,5.181818182,8.454545455,3.727272727,4.363636364,1.090909091,0.909090909
2007,Canada (Scott),Kelly Scott,n/a,champion,1,1,1,0,0,0,11,10,1,89,46,52,33,8,19,0.82,n/a,0.909090909,0.090909091,8.090909091,4.181818182,4.727272727,3,0.727272727,1.727272727
2007,Saskatchewan (Betker),Jan Betker,n/a,final,0.75,0,0,1,0,0,11,9,2,84,52,47,36,10,17,0.83,n/a,0.818181818,0.181818182,7.636363636,4.727272727,4.272727273,3.272727273,0.909090909,1.545454545
2007,Manitoba (Jones),Jennifer Jones,n/a,semi,0.5,0,0,0,1,0,11,9,2,90,59,45,41,6,15,0.81,n/a,0.818181818,0.181818182,8.181818182,5.363636364,4.090909091,3.727272727,0.545454545,1.363636364
2007,Prince Edward Island (Gaudet),Suzanne Gaudet,n/a,quarter,0.25,0,0,0,0,1,11,6,5,80,75,49,46,8,16,0.74,n/a,0.545454545,0.454545455,7.272727273,6.818181818,4.454545455,4.181818182,0.727272727,1.454545455
2007,Alberta (Bernard),Cherly Bernard,n/a,0,0,0,0,0,0,0,11,6,5,67,68,42,44,8,12,0.77,n/a,0.545454545,0.454545455,6.090909091,6.181818182,3.818181818,4,0.727272727,1.090909091
2007,Ontario (Scharf),Krista Scharf,n/a,0,0,0,0,0,0,0,11,6,5,70,78,45,50,10,8,0.76,n/a,0.545454545,0.454545455,6.363636364,7.090909091,4.090909091,4.545454545,0.909090909,0.727272727
2007,Newfoundland and Labrador (Strong),Heather Strong,n/a,0,0,0,0,0,0,0,11,5,6,69,78,48,46,10,13,0.74,n/a,0.454545455,0.545454545,6.272727273,7.090909091,4.363636364,4.181818182,0.909090909,1.181818182
2007,British Columbia (Law),Kelley Law,n/a,0,0,0,0,0,0,0,11,5,6,82,83,45,52,5,10,0.77,n/a,0.454545455,0.545454545,7.454545455,7.545454545,4.090909091,4.727272727,0.454545455,0.909090909
2007,Quebec (Osborne),Chantal Osborne,n/a,0,0,0,0,0,0,0,11,4,7,73,88,47,49,2,12,0.69,n/a,0.363636364,0.636363636,6.636363636,8,4.272727273,4.454545455,0.181818182,1.090909091
2007,Nova Scotia (Mouzar),Jill Mouzar,n/a,0,0,0,0,0,0,0,11,3,8,66,78,45,51,5,14,0.72,n/a,0.272727273,0.727272727,6,7.090909091,4.090909091,4.636363636,0.454545455,1.272727273
2007,Northwest Territories/Yukon (Koe),Kerry Koe,n/a,0,0,0,0,0,0,0,11,2,9,64,93,44,50,10,9,0.73,n/a,0.181818182,0.818181818,5.818181818,8.454545455,4,4.545454545,0.909090909,0.818181818
2007,New Brunswick (Comeau),Sandy Comeau,n/a,0,0,0,0,0,0,0,11,1,10,51,87,35,48,14,8,0.72,n/a,0.090909091,0.909090909,4.636363636,7.909090909,3.181818182,4.363636364,1.272727273,0.727272727
2006,British Columbia (Scott),Kelly Scott,n/a,champion,1,1,1,0,0,0,11,9,2,79,55,48,42,12,9,0.82,n/a,0.818181818,0.181818182,7.181818182,5,4.363636364,3.818181818,1.090909091,0.818181818
2006,Nova Scotia (Jones),Colleen Jones,n/a,semi,0.5,0,1,0,0,0,11,8,3,74,57,55,41,10,22,0.8,n/a,0.727272727,0.272727273,6.727272727,5.181818182,5,3.727272727,0.909090909,2
2006,Canada (Jones),Jennifer Jones,n/a,final,0.75,0,0,1,0,0,11,8,3,82,70,52,48,7,13,0.77,n/a,0.727272727,0.272727273,7.454545455,6.363636364,4.727272727,4.363636364,0.636363636,1.181818182
2006,Quebec (Belisle),Eve Belisle,n/a,quarter,0.25,0,0,0,1,0,11,7,4,81,71,49,48,9,10,0.74,n/a,0.636363636,0.363636364,7.363636364,6.454545455,4.454545455,4.363636364,0.818181818,0.909090909
2006,Newfoundland and Labrador (Strong),Heather Strong,n/a,0,0,0,0,0,0,0,11,7,4,79,75,50,44,10,12,0.75,n/a,0.636363636,0.363636364,7.181818182,6.818181818,4.545454545,4,0.909090909,1.090909091
2006,Alberta (King),Cathy King,n/a,0,0,0,0,0,0,0,11,6,5,70,58,49,39,8,21,0.77,n/a,0.545454545,0.454545455,6.363636364,5.272727273,4.454545455,3.545454545,0.727272727,1.909090909
2006,New Brunswick (Kelly),Andrea Kelly,n/a,0,0,0,0,0,0,0,11,5,6,74,74,49,49,10,11,0.75,n/a,0.454545455,0.545454545,6.727272727,6.727272727,4.454545455,4.454545455,0.909090909,1
2006,Manitoba (Harvey),Janet Harvey,n/a,0,0,0,0,0,0,0,11,4,7,69,77,47,48,8,12,0.74,n/a,0.363636364,0.636363636,6.272727273,7,4.272727273,4.363636364,0.727272727,1.090909091
2006,Prince Edward Island (Gaudet),Suzanne Gaudet,n/a,0,0,0,0,0,0,0,11,4,7,74,89,43,52,13,10,0.71,n/a,0.363636364,0.636363636,6.727272727,8.090909091,3.909090909,4.727272727,1.181818182,0.909090909
2006,Ontario (Scharf),Krista Scharf,n/a,0,0,0,0,0,0,0,11,2,9,65,86,43,57,3,7,0.7,n/a,0.181818182,0.818181818,5.909090909,7.818181818,3.909090909,5.181818182,0.272727273,0.636363636
2006,Saskatchewan (Streifel),Tracy Streifel,n/a,0,0,0,0,0,0,0,11,2,9,60,88,45,53,9,9,0.73,n/a,0.181818182,0.818181818,5.454545455,8,4.090909091,4.818181818,0.818181818,0.818181818
2005,Manitoba (Jones),Jennifer Jones,n/a,champion,1,1,1,0,0,0,11,9,2,82,55,49,38,10,18,0.8,n/a,0.818181818,0.181818182,7.454545455,5,4.454545455,3.454545455,0.909090909,1.636363636
2005,British Columbia (Scott),Kelly Scott,n/a,semi,0.5,0,1,0,0,0,11,8,3,64,50,46,34,20,20,0.8,n/a,0.727272727,0.272727273,5.818181818,4.545454545,4.181818182,3.090909091,1.818181818,1.818181818
2005,Saskatchewan (Lawton),Stefanie Lawton,n/a,quarter,0.25,0,0,1,0,0,11,7,4,69,56,42,46,17,7,0.83,n/a,0.636363636,0.363636364,6.272727273,5.090909091,3.818181818,4.181818182,1.545454545,0.636363636
2005,Ontario (Hanna),Jenn Hanna,n/a,final,0.75,0,0,0,1,0,11,6,5,65,69,44,45,11,7,0.83,n/a,0.545454545,0.454545455,5.909090909,6.272727273,4,4.090909091,1,0.636363636
2005,Alberta (King),Cathy King,n/a,0,0,0,0,0,0,0,11,6,5,68,62,45,45,13,12,0.79,n/a,0.545454545,0.454545455,6.181818182,5.636363636,4.090909091,4.090909091,1.181818182,1.090909091
2005,Canada (Jones),Colleen Jones,n/a,0,0,0,0,0,0,0,11,6,5,77,68,49,44,11,15,0.82,n/a,0.545454545,0.454545455,7,6.181818182,4.454545455,4,1,1.363636364
2005,New Brunswick (Comeau),Sandy Comeau,n/a,0,0,0,0,0,0,0,11,6,5,69,77,46,52,7,12,0.77,n/a,0.545454545,0.454545455,6.272727273,7,4.181818182,4.727272727,0.636363636,1.090909091
2005,Nova Scotia (Zinck),Kay Zinck,n/a,0,0,0,0,0,0,0,11,5,6,65,62,42,46,11,10,0.76,n/a,0.454545455,0.545454545,5.909090909,5.636363636,3.818181818,4.181818182,1,0.909090909
2005,Quebec (Nicholls),Brenda Nicholls,n/a,0,0,0,0,0,0,0,11,4,7,63,73,45,50,9,14,0.79,n/a,0.363636364,0.636363636,5.727272727,6.636363636,4.090909091,4.545454545,0.818181818,1.272727273
2005,Northwest Territories/Yukon (Koe),Kerry Koe,n/a,0,0,0,0,0,0,0,11,4,7,70,73,49,44,11,14,0.77,n/a,0.363636364,0.636363636,6.363636364,6.636363636,4.454545455,4,1,1.272727273
2005,Prince Edward Island (MacPhee),Rebecca Jean MacPhee,n/a,0,0,0,0,0,0,0,11,4,7,70,73,49,44,11,14,0.77,n/a,0.363636364,0.636363636,6.363636364,6.636363636,4.454545455,4,1,1.272727273
2005,Newfoundland and Labrador (Strong),Heather Strong,n/a,0,0,0,0,0,0,0,11,1,10,53,75,39,47,15,9,0.77,n/a,0.090909091,0.909090909,4.818181818,6.818181818,3.545454545,4.272727273,1.363636364,0.818181818
2004,Canada (Jones),Colleen Jones,n/a,champion,1,1,1,0,0,0,11,9,2,89,59,57,38,7,20,0.82,n/a,0.818181818,0.181818182,8.090909091,5.363636364,5.181818182,3.454545455,0.636363636,1.818181818
2004,Ontario (Middaugh),Sherry Middaugh,n/a,semi,0.5,0,1,0,0,0,11,8,3,84,52,51,37,11,16,0.79,n/a,0.727272727,0.272727273,7.636363636,4.727272727,4.636363636,3.363636364,1,1.454545455
2004,Quebec (Larouche),Marie-France Larouche,n/a,final,0.75,0,0,1,0,0,11,8,3,73,70,44,46,10,11,0.75,n/a,0.727272727,0.272727273,6.636363636,6.363636364,4,4.181818182,0.909090909,1
2004,Manitoba (Fowler),Lois Fowler,n/a,quarter,0.25,0,0,0,1,0,11,7,4,78,73,44,45,16,9,0.8,n/a,0.636363636,0.363636364,7.090909091,6.636363636,4,4.090909091,1.454545455,0.818181818
2004,Saskatchewan (Anderson),Sherry Anderson,n/a,0,0,0,0,0,0,0,11,7,4,77,52,45,37,15,16,0.8,n/a,0.636363636,0.363636364,7,4.727272727,4.090909091,3.363636364,1.363636364,1.454545455
2004,Alberta (Kleibrink),Shannon Kleibrink,n/a,0,0,0,0,0,0,0,11,6,5,63,66,40,43,8,8,0.79,n/a,0.545454545,0.454545455,5.727272727,6,3.636363636,3.909090909,0.727272727,0.727272727
2004,Newfoundland and Labrador (Cunningham),Cathy Cunningham,n/a,0,0,0,0,0,0,0,11,6,5,79,71,48,43,8,14,0.78,n/a,0.545454545,0.454545455,7.181818182,6.454545455,4.363636364,3.909090909,0.727272727,1.272727273
2004,Nova Scotia (Smith),Heather Smith,n/a,0,0,0,0,0,0,0,11,6,5,69,68,43,46,18,11,0.76,n/a,0.545454545,0.454545455,6.272727273,6.181818182,3.909090909,4.181818182,1.636363636,1
2004,British Columbia (Wheatcroft),Georgina Wheatcroft,n/a,0,0,0,0,0,0,0,11,4,7,69,74,49,47,5,15,0.78,n/a,0.363636364,0.636363636,6.272727273,6.727272727,4.454545455,4.272727273,0.454545455,1.363636364
2004,New Brunswick (Hanlon),Heidi Hanlon,n/a,0,0,0,0,0,0,0,11,2,9,58,82,38,43,9,7,0.71,n/a,0.181818182,0.818181818,5.272727273,7.454545455,3.454545455,3.909090909,0.818181818,0.636363636
2004,Prince Edward Island (Gaudet),Suzanne Gaudet,n/a,0,0,0,0,0,0,0,11,2,9,59,82,38,43,9,7,0.76,n/a,0.181818182,0.818181818,5.363636364,7.454545455,3.454545455,3.909090909,0.818181818,0.636363636
2004,Northwest Territories/Yukon (Stabel),Stacey Stabel,n/a,0,0,0,0,0,0,0,11,1,10,49,91,34,55,9,3,0.71,n/a,0.090909091,0.909090909,4.454545455,8.272727273,3.090909091,5,0.818181818,0.272727273
2003,Prince Edward Island (Gaudet),Suzanne Gaudet,n/a,semi,0.5,0,1,0,0,0,11,10,1,89,61,50,42,10,13,0.8,n/a,0.909090909,0.090909091,8.090909091,5.545454545,4.545454545,3.818181818,0.909090909,1.181818182
2003,Canada (Jones),Colleen Jones,n/a,champion,1,1,0,1,0,0,11,8,3,81,60,49,41,14,10,0.79,n/a,0.727272727,0.272727273,7.363636364,5.454545455,4.454545455,3.727272727,1.272727273,0.909090909
2003,Saskatchewan (Betker),Jan Betker,n/a,quarter,0.25,0,0,0,1,0,11,7,4,75,59,43,47,13,9,0.79,n/a,0.636363636,0.363636364,6.818181818,5.363636364,3.909090909,4.272727273,1.181818182,0.818181818
2003,Newfoundland and Labrador (Cunningham),Cathy Cunningham,n/a,final,0.75,0,0,0,0,1,11,6,5,69,74,46,48,11,7,0.75,n/a,0.545454545,0.454545455,6.272727273,6.727272727,4.181818182,4.363636364,1,0.636363636
2003,New Brunswick (Hanlon),Heidi Hanlon,n/a,0,0,0,0,0,0,0,11,5,6,70,80,48,49,9,8,0.74,n/a,0.454545455,0.545454545,6.363636364,7.272727273,4.363636364,4.454545455,0.818181818,0.727272727
2003,Alberta (Santos),Deb Santos,n/a,0,0,0,0,0,0,0,11,5,6,74,73,47,46,8,12,0.78,n/a,0.454545455,0.545454545,6.727272727,6.636363636,4.272727273,4.181818182,0.727272727,1.090909091
2003,Nova Scotia (McConnery),Nancy McConnery,n/a,0,0,0,0,0,0,0,11,5,6,74,78,45,51,7,6,0.73,n/a,0.454545455,0.545454545,6.727272727,7.090909091,4.090909091,4.636363636,0.636363636,0.545454545
2003,Quebec (Gagnon),Nathalie Gagnon,n/a,0,0,0,0,0,0,0,11,5,6,66,75,45,50,10,10,0.71,n/a,0.454545455,0.545454545,6,6.818181818,4.090909091,4.545454545,0.909090909,0.909090909
2003,Ontario (Dunn),Anne Dunn,n/a,0,0,0,0,0,0,0,11,5,6,67,66,48,47,8,14,0.75,n/a,0.454545455,0.545454545,6.090909091,6,4.363636364,4.272727273,0.727272727,1.272727273
2003,British Columbia (Fister),Toni Fister,n/a,0,0,0,0,0,0,0,11,4,7,62,75,42,50,10,9,0.73,n/a,0.363636364,0.636363636,5.636363636,6.818181818,3.818181818,4.545454545,0.909090909,0.818181818
2003,Manitoba (Spencer),Barb Spencer,n/a,0,0,0,0,0,0,0,11,4,7,72,71,46,47,9,11,0.73,n/a,0.363636364,0.636363636,6.545454545,6.454545455,4.181818182,4.272727273,0.818181818,1
2003,Northwestern Territories/Yukon (Moses),Dawn Moses,n/a,0,0,0,0,0,0,0,11,2,9,69,87,50,43,8,11,0.73,n/a,0.181818182,0.818181818,6.272727273,7.909090909,4.545454545,3.909090909,0.727272727,1
